cusip,par_traded,price,yield,maturity_date,settlement_date
338042BB9,50000.00,99.725,3.020,2035-01-15,2017-12-29
338042BB9,50000.00,98.000,3.152,2035-01-15,2017-12-29
4952896F2,20000.00,102.493,3.206,2036-01-01,2017-12-29
539563DT0,50000.00,103.455,2.000,2021-06-01,2017-12-29
1306852B5,100000.00,114.919,1.377,2026-04-01,2017-12-29
1306852B5,100000.00,113.319,1.738,2026-04-01,2017-12-29
63165N6D5,,105.224,1.956,2022-10-01,2017-12-29
833096JH4,25000.00,95.516,3.407,2031-12-01,2017-12-29
497604DX3,25000.00,99.705,3.390,2047-12-01,2017-12-29
04109FAQ1,25000.00,,3.100,2038-02-01,2017-12-29
095459BK8,355000.00,101.100,2.072,2027-02-01,2017-12-29
62476RAC9,85000.00,113.117,2.580,2056-11-15,2017-12-29
544587H68,25000.00,106.310,3.175,2036-11-01,2017-12-29
57582PU99,10000.00,110.952,2.077,2041-12-01,2017-12-29
57582PU99,10000.00,111.032,2.057,2041-12-01,2017-12-29
497604DX3,15000.00,99.705,3.390,2047-12-01,2017-12-29
158843XC1,75000.00,103.419,1.690,2019-07-01,2017-12-29
650014WZ2,25000.00,100.863,,2018-04-01,2018-01-03
649907AW2,250000.00,113.785,1.950,2026-10-01,2017-12-29
216181ER4,100000.00,103.080,1.580,2024-12-01,2018-01-03
20772G6K9,35000.00,102.921,1.790,2018-12-01,2017-12-29
776066PP1,50000.00,101.021,1.710,2018-06-15,2018-01-03
734064HN1,125000.00,101.160,1.710,2018-12-01,2018-01-03
13063DCT3,80000.00,100.899,1.451,2038-04-01,2017-12-29
45204EXR4,20000.00,121.431,2.220,2026-07-01,2017-12-29
341507R78,25000.00,118.432,1.967,2024-07-01,2017-12-29
650035LL0,100000.00,102.035,1.200,2022-01-01,2017-12-29
163100GJ3,20000.00,103.675,3.254,2028-12-01,2017-12-29
606094BZ2,40000.00,101.490,3.198,2034-12-01,2017-12-29
48503VAB8,15000.00,102.776,2.998,2041-10-01,2017-12-29
882723Z44,20000.00,123.832,1.970,2027-08-01,2017-12-29
646039VV6,95000.00,101.410,1.631,2018-06-01,2017-12-29
792909FE8,50000.00,99.000,3.209,2032-11-15,2017-12-29
67884E6B0,10000.00,104.606,2.283,2040-06-01,2017-12-29
717817TL4,30000.00,98.999,3.197,2036-07-01,2017-12-29
677520L89,100000.00,105.279,1.620,2019-08-01,2017-12-29
45204EXR4,20000.00,121.431,2.221,2026-07-01,2017-12-29
566823SV3,18200000.00,100.000,,2037-03-15,2018-01-04
45203LAQ6,19000000.00,100.000,,2041-01-01,2018-01-04
464416GV2,150000.00,105.580,1.640,2022-12-01,2017-12-29
59333FGQ7,125000.00,102.148,1.420,2021-07-01,2017-12-29
49474FKJ8,15000.00,105.479,3.123,2038-07-01,2017-12-29
676125GC5,65000.00,103.140,2.045,2021-06-01,2017-12-29
676125GC5,65000.00,103.040,2.074,2021-06-01,2017-12-29
676125GC5,65000.00,103.140,2.045,2021-06-01,2017-12-29
986370NG5,30000.00,104.431,1.890,2022-03-01,2017-12-29
196707XW8,30000.00,99.426,3.288,2038-03-01,2017-12-29
34440VBK3,25000.00,119.345,2.523,2032-10-01,2017-12-29
689325QL5,90000.00,99.832,3.383,2047-12-01,2017-12-29
929831EE1,250000.00,112.235,1.877,2024-02-01,2017-12-29
745190UQ9,100000.00,90.091,6.103,2038-07-01,2017-12-29
250434FZ5,115000.00,100.745,1.454,2024-03-01,2017-12-28
022168HX9,30000.00,101.986,1.611,2026-08-01,2017-12-28
022168HX9,30000.00,101.986,1.611,2026-08-01,2017-12-28
7178183M8,80000.00,101.145,1.590,2022-05-01,2017-12-29
60411PAX9,500000.00,99.084,1.850,2019-03-01,2018-01-03
70917SAF0,50000.00,100.597,1.663,2018-04-01,2017-12-28
649907V74,75000.00,101.744,1.630,2018-10-01,2018-01-03
248775B80,30000.00,101.838,1.611,2024-07-15,2017-12-28
248775B80,30000.00,101.838,1.611,2024-07-15,2017-12-28
214525DY0,500000.00,101.205,1.660,2018-12-01,2018-01-03
214525DY0,300000.00,101.205,1.660,2018-12-01,2018-01-03
214525DY0,200000.00,101.205,1.660,2018-12-01,2018-01-03
60411PAX9,500000.00,99.084,1.850,2019-03-01,2018-01-03
60411PAX9,500000.00,99.084,1.850,2019-03-01,2018-01-03
60411PAX9,500000.00,99.084,1.850,2019-03-01,2018-01-03
97710BCL4,25000.00,102.094,1.630,2028-08-15,2017-12-29
97710BCL4,25000.00,102.094,1.630,2028-08-15,2017-12-29
97710BCL4,25000.00,102.094,1.630,2028-08-15,2017-12-29
97710BCL4,25000.00,102.094,1.630,2028-08-15,2017-12-29
13077DAZ5,100000.00,102.123,1.451,2018-11-01,2017-12-28
100853PM6,35000.00,100.603,1.640,2018-04-01,2017-12-28
118565YD6,45000.00,101.415,1.641,2018-06-01,2017-12-28
575579XA0,300000.00,105.068,1.580,2019-07-01,2017-12-29
796176EG6,200000.00,101.530,1.380,2018-08-01,2017-12-29
56782TBK7,50000.00,108.844,2.934,2047-08-01,2017-12-29
56782TBK7,50000.00,107.844,3.050,2047-08-01,2017-12-29
57390EDM6,15000.00,105.680,1.700,2039-10-01,2017-12-29
1306856Z8,25000.00,102.792,1.272,2018-10-01,2017-12-29
1306856Z8,25000.00,102.692,1.402,2018-10-01,2017-12-29
57390EDM6,15000.00,105.580,1.756,2039-10-01,2017-12-29
917563NJ3,15000.00,97.712,3.380,2044-12-01,2017-12-29
59333PS82,120000.00,121.386,2.290,2026-10-01,2017-12-29
64711NQ24,10000.00,104.720,1.714,2019-06-15,2017-12-29
13063DCT3,80000.00,100.899,1.451,2038-04-01,2017-12-29
129515AK8,50000.00,43.440,,2021-09-01,2017-12-29
734064HN1,125000.00,101.160,1.710,2018-12-01,2018-01-03
214525DY0,1000000.00,101.205,1.660,2018-12-01,2018-01-03
60411PAX9,1500000.00,99.084,1.850,2019-03-01,2018-01-03
100853PM6,35000.00,100.603,1.640,2018-04-01,2017-12-28
250434FZ5,115000.00,100.745,1.454,2024-03-01,2017-12-28
64711NQ24,10000.00,104.620,1.782,2019-06-15,2017-12-29
70917SAF0,50000.00,100.597,1.663,2018-04-01,2017-12-28
60411PAX9,500000.00,99.084,1.850,2019-03-01,2018-01-03
118565YD6,45000.00,101.415,1.641,2018-06-01,2017-12-28
13077DAZ5,100000.00,102.123,1.451,2018-11-01,2017-12-28
64711NQ24,10000.00,104.620,1.782,2019-06-15,2017-12-29
248775B80,60000.00,101.838,1.611,2024-07-15,2017-12-28
796176EG6,200000.00,101.530,1.380,2018-08-01,2017-12-29
7178183M8,80000.00,101.145,1.590,2022-05-01,2017-12-29
022168HX9,60000.00,101.986,1.611,2026-08-01,2017-12-28
216181ER4,100000.00,103.080,1.580,2024-12-01,2018-01-03
575579XA0,300000.00,105.068,1.580,2019-07-01,2017-12-29
20772G6K9,35000.00,102.921,1.791,2018-12-01,2017-12-29
97710BCL4,100000.00,102.094,1.630,2028-08-15,2017-12-29
84552YQB0,20000.00,106.875,3.003,2040-10-15,2017-12-29
745401CA5,25000.00,98.030,3.165,2033-02-01,2017-12-29
64990ECM7,50000.00,113.377,2.144,2030-12-15,2017-12-28
671409ZM5,65000.00,107.353,3.298,2030-12-01,2017-12-29
671409ZM5,65000.00,106.353,3.647,2030-12-01,2017-12-29
702248ND3,70000.00,103.280,1.656,2019-06-01,2017-12-29
898116L48,125000.00,103.993,1.570,2021-09-01,2017-12-29
121342MZ9,250000.00,100.000,,2037-01-01,2017-12-27
017357C51,20000.00,94.551,3.377,2037-12-01,2017-12-29
85236DBB3,355000.00,108.929,2.940,2028-10-01,2017-12-29
969872AY6,345000.00,103.070,1.520,2019-04-01,2017-12-29
650009G64,560000.00,106.479,1.700,2020-01-01,2017-12-29
812702FB9,20000.00,105.522,3.245,2038-06-01,2017-12-29
38122NYR7,20000.00,98.000,3.409,2034-06-01,2017-12-29
246428F76,55000.00,100.833,2.899,2037-07-01,2017-12-29
246428F76,55000.00,98.833,3.080,2037-07-01,2017-12-29
45204EXR4,20000.00,121.106,2.258,2026-07-01,2017-12-29
186162HZ9,250000.00,96.543,3.679,2051-12-01,2017-12-28
20772JG22,10000.00,110.063,2.596,2022-06-15,2017-12-29
7987646G6,20000.00,119.082,1.919,2024-08-15,2017-12-29
7987646G6,20000.00,117.178,2.200,2024-08-15,2017-12-29
85236DAH1,390000.00,108.929,2.940,2028-10-01,2017-12-29
87354VAQ3,20000.00,95.218,3.342,2036-12-01,2017-12-29
017357C51,20000.00,94.801,3.359,2037-12-01,2017-12-29
129515AK8,50000.00,43.440,,2021-09-01,2017-12-29
20772JG22,10000.00,110.063,2.596,2022-06-15,2017-12-29
121342MZ9,250000.00,100.000,,2037-01-01,2017-12-27
64971M7K2,1380000.00,108.751,1.822,2033-11-01,2017-12-29
976834FP1,25000.00,101.613,1.780,2018-07-01,2017-12-29
898116L48,125000.00,103.993,1.570,2021-09-01,2017-12-29
969872AY6,65000.00,103.070,1.520,2019-04-01,2017-12-29
969872AY6,30000.00,103.070,1.520,2019-04-01,2017-12-29
969872AY6,175000.00,103.070,1.520,2019-04-01,2017-12-29
969872AY6,75000.00,103.070,1.520,2019-04-01,2017-12-29
914713K68,400000.00,107.036,3.300,2034-12-01,2017-12-29
9400938F7,30000.00,115.240,2.909,2035-10-01,2017-12-29
072024RQ7,10000.00,113.506,1.696,2026-04-01,2017-12-29
072024RQ7,10000.00,113.626,1.669,2026-04-01,2017-12-29
914233WB3,75000.00,108.416,2.200,2022-02-15,2017-12-29
914233WB3,75000.00,108.516,2.168,2022-02-15,2017-12-29
64966HAX8,150000.00,102.372,1.682,2020-09-01,2017-12-29
976834FP1,25000.00,101.613,1.780,2018-07-01,2017-12-29
649907V74,75000.00,101.744,1.630,2018-10-01,2018-01-03
64966HAX8,150000.00,102.447,1.572,2020-09-01,2017-12-29
650014WZ2,25000.00,100.863,1.682,2018-04-01,2018-01-03
776066PP1,50000.00,101.021,1.710,2018-06-15,2018-01-03
16876QBF5,20000.00,88.855,6.468,2039-05-15,2017-12-29
492314EF2,15000.00,50.434,3.666,2036-11-01,2017-12-29
219764KB2,100000.00,102.100,1.420,2019-08-01,2017-12-28
74514LTM9,280000.00,17.697,,2018-07-01,2017-12-29
172254DD3,130000.00,102.898,1.530,2028-11-01,2017-12-27
74514LTM9,280000.00,17.699,,2018-07-01,2017-12-29
505318SQ9,100000.00,98.712,3.100,2034-07-15,2017-12-29
706711HC5,65000.00,100.249,2.965,2033-03-01,2017-12-29
491501DS8,60000.00,110.409,2.042,2021-09-01,2017-12-29
491501DS8,60000.00,110.409,2.042,2021-09-01,2017-12-29
929831EE1,250000.00,111.735,1.996,2024-02-01,2017-12-29
97710BLD2,100000.00,108.441,1.337,2037-08-15,2017-12-29
97710BLD2,100000.00,107.501,1.766,2037-08-15,2017-12-29
713192AT9,10000.00,99.903,3.144,2021-01-01,2017-12-29
13063CD80,300000.00,110.064,2.690,2033-09-01,2017-12-29
13063CD80,300000.00,109.664,2.740,2033-09-01,2017-12-29
706711HC5,65000.00,102.224,2.694,2033-03-01,2017-12-29
20772JG22,10000.00,110.313,2.540,2022-06-15,2017-12-29
8821354G8,10000.00,105.245,2.222,2027-05-15,2017-12-29
794665FZ7,30000.00,117.000,1.888,2023-10-15,2017-12-29
74514LB89,10000.00,18.909,,2041-07-01,2017-12-29
59447TQU0,25000.00,117.584,2.943,2042-12-01,2017-12-29
74514LB89,10000.00,19.100,,2041-07-01,2017-12-29
706711HC5,65000.00,100.124,2.982,2033-03-01,2017-12-29
706711HC5,65000.00,100.124,2.982,2033-03-01,2017-12-29
491501DS8,60000.00,110.309,2.069,2021-09-01,2017-12-29
59447TQU0,25000.00,116.584,3.050,2042-12-01,2017-12-29
722035CR1,15000.00,104.080,2.423,2030-07-01,2017-12-29
722035CR1,15000.00,104.480,2.159,2030-07-01,2017-12-29
032555MD3,100000.00,93.550,2.704,2028-08-01,2017-12-29
574218T45,90000.00,102.379,3.698,2046-12-01,2017-12-29
574218T45,90000.00,103.990,3.498,2046-12-01,2017-12-29
548383MS4,100000.00,116.900,2.102,2031-04-01,2017-12-29
869265YA0,10000.00,118.481,2.475,2026-02-15,2017-12-29
083108AC4,15000.00,55.200,16.076,2032-05-01,2017-12-29
660790AM8,320000.00,102.273,1.461,2021-10-01,2017-12-29
24880ALL4,120000.00,96.513,2.505,2025-09-01,2018-01-18
556452FL9,10000.00,92.750,3.220,2033-08-01,2017-12-29
74514LB89,10000.00,19.100,,2041-07-01,2017-12-29
617534AG7,20000.00,100.000,2.497,2020-10-01,2017-12-29
18450CRV4,50000.00,97.879,2.376,2024-02-01,2017-12-29
785849QD5,25000.00,92.411,2.022,2021-12-01,2017-12-29
798306SM9,25000.00,115.787,2.000,2026-08-01,2017-12-29
68442CAY2,10000.00,121.968,2.315,2029-08-15,2017-12-29
798306SM9,25000.00,115.875,1.984,2026-08-01,2017-12-29
7048627D7,10000.00,120.553,1.918,2027-03-01,2017-12-29
7048627D7,10000.00,118.190,2.240,2027-03-01,2017-12-29
574218T45,75000.00,103.990,3.498,2046-12-01,2017-12-29
786005VH8,30000.00,107.703,1.796,2021-08-15,2017-12-29
984674HJ3,25000.00,109.372,2.170,2027-06-15,2017-12-29
689461RN3,500000.00,107.397,1.947,2027-10-01,2017-12-29
567288TY1,100000.00,122.307,2.366,2030-07-01,2017-12-28
341271AA2,15000.00,99.968,2.184,2019-07-01,2017-12-29
341271AA2,15000.00,99.968,2.184,2019-07-01,2017-12-29
763665YB6,25000.00,111.357,1.790,2029-03-01,2017-12-29
18450CRV4,50000.00,97.879,2.376,2024-02-01,2017-12-29
18450CRV4,50000.00,97.754,2.398,2024-02-01,2017-12-29
85236DBC1,270000.00,108.399,3.000,2029-10-01,2017-12-29
1306852J8,200000.00,110.925,2.290,2037-04-01,2017-12-29
13068LZW8,20000.00,99.219,3.061,2034-04-01,2017-12-29
574218T45,75000.00,102.380,3.698,2046-12-01,2017-12-29
802347AT1,5000.00,88.302,3.496,2021-08-01,2017-12-29
13068LZW8,20000.00,97.969,3.160,2034-04-01,2017-12-29
45385LLU5,45000.00,99.998,3.375,2042-12-15,2018-01-08
13068LZW8,20000.00,97.725,3.180,2034-04-01,2017-12-29
64990EFL6,750000.00,111.840,2.050,2037-03-15,2017-12-29
713575WP9,10000.00,117.131,2.506,2033-08-01,2017-12-29
838530PC1,25000.00,89.770,4.168,2029-01-01,2017-12-29
57448RDW7,150000.00,108.664,1.935,2020-12-01,2017-12-29
798755FQ2,300000.00,109.373,2.874,2038-08-01,2017-12-29
798755FQ2,300000.00,108.973,2.920,2038-08-01,2017-12-29
95632CDL0,1000000.00,119.569,2.680,2031-08-15,2017-12-29
215579FN8,250000.00,117.692,2.750,2027-12-01,2017-12-29
338042BB9,50000.00,97.875,3.162,2035-01-15,2017-12-29
785849QD5,25000.00,92.311,2.050,2021-12-01,2017-12-29
399669DM9,15000.00,104.366,2.997,2052-10-01,2018-01-16
172254DD3,130000.00,102.898,1.530,2028-11-01,2017-12-27
59447TQU0,20000.00,116.584,3.050,2042-12-01,2017-12-29
59447TQU0,20000.00,117.584,2.943,2042-12-01,2017-12-29
296335JQ6,25000.00,112.023,1.614,2021-09-01,2017-12-29
66285WGT7,50000.00,112.518,1.950,2041-09-01,2017-12-29
1306852J8,200000.00,110.865,2.304,2037-04-01,2017-12-29
650035F52,100000.00,115.971,1.776,2023-03-15,2017-12-29
650035F52,100000.00,115.846,1.800,2023-03-15,2017-12-29
64972HZN5,105000.00,122.831,2.319,2028-07-15,2017-12-29
29509PHX0,75000.00,101.099,1.724,2018-05-01,2017-12-29
23058PAP2,50000.00,99.200,3.422,2042-12-15,2017-12-28
91523NLJ3,30000.00,99.242,3.294,2043-07-01,2017-12-29
91523NLJ3,30000.00,99.142,3.300,2043-07-01,2017-12-29
219764KB2,100000.00,102.100,1.420,2019-08-01,2017-12-28
155745CW0,100000.00,100.000,3.249,2040-12-01,2018-01-11
02765UFG4,10000.00,112.127,2.162,2027-02-15,2017-12-29
91523NLJ3,30000.00,99.142,3.300,2043-07-01,2017-12-29
650035L89,300000.00,100.685,1.718,2018-03-15,2017-12-29
775475CT1,375000.00,103.740,2.368,2027-06-01,2017-12-29
751093FL4,500000.00,100.000,,2034-02-01,2017-12-28
544525QZ4,20000.00,109.935,1.700,2022-07-01,2017-12-29
783186QQ5,25000.00,112.452,2.493,2032-05-01,2017-12-29
13063DCD8,20000.00,110.185,2.807,2034-11-01,2017-12-29
346843LA1,10000.00,103.385,2.560,2031-08-15,2017-12-29
346843LA1,10000.00,101.358,2.821,2031-08-15,2017-12-29
491501DV1,40000.00,116.517,2.313,2024-09-01,2017-12-29
646136R29,25000.00,108.403,3.305,2044-06-15,2017-12-29
491501DV1,40000.00,116.517,2.313,2024-09-01,2017-12-29
491501DV1,40000.00,116.267,2.350,2024-09-01,2017-12-29
296335JQ6,25000.00,112.023,1.614,2021-09-01,2017-12-29
341271AA2,15000.00,99.968,2.184,2019-07-01,2017-12-29
542424SA5,15000.00,104.870,1.417,2019-05-15,2017-12-29
542424SA5,15000.00,104.620,1.595,2019-05-15,2017-12-29
097041NW3,500000.00,118.453,2.490,2031-03-01,2017-12-29
34073XCX4,25000.00,106.636,1.750,2030-02-01,2017-12-29
34073XCX4,25000.00,106.636,1.750,2030-02-01,2017-12-29
539563DT0,50000.00,103.455,2.000,2021-06-01,2017-12-29
13063DCD8,20000.00,110.535,2.769,2034-11-01,2017-12-29
54438CVL3,25000.00,111.119,2.550,2031-08-01,2017-12-29
13063DCD8,20000.00,110.435,2.780,2034-11-01,2017-12-29
13063DCD8,20000.00,110.435,2.780,2034-11-01,2017-12-29
54438CVL3,25000.00,111.119,2.550,2031-08-01,2017-12-29
74514LE86,100000.00,23.250,,2035-07-01,2017-12-29
13063BQ62,100000.00,103.930,1.350,2019-02-01,2017-12-29
13063BQ62,100000.00,103.930,1.350,2019-02-01,2017-12-29
13063BQ62,100000.00,103.930,1.350,2019-02-01,2017-12-29
944488QL2,25000.00,111.750,4.883,2025-12-01,2017-12-29
79741TAM6,25000.00,105.840,1.757,2025-05-01,2017-12-29
498413FP3,90000.00,92.322,3.590,2035-09-01,2017-12-29
02765UGZ1,50000.00,100.411,1.986,2023-02-15,2017-12-29
869265YA0,10000.00,118.481,2.475,2026-02-15,2017-12-29
944488QL2,25000.00,111.500,4.970,2025-12-01,2017-12-29
781569EG9,15000.00,98.703,3.153,2027-11-15,2017-12-29
01757LGA8,20000.00,99.335,3.300,2035-08-01,2018-01-02
988176JS3,140000.00,107.746,3.061,2039-08-01,2017-12-28
988176JV6,95000.00,107.899,3.043,2047-08-01,2017-12-29
13063BQ62,100000.00,103.930,1.350,2019-02-01,2017-12-29
988176JV6,95000.00,106.899,3.160,2047-08-01,2017-12-28
13067JMX6,10000.00,104.800,1.997,2021-07-01,2017-12-29
13067JMX6,10000.00,104.900,1.932,2021-07-01,2017-12-29
13067JMX6,10000.00,104.900,1.932,2021-07-01,2017-12-29
3733843L8,25000.00,114.430,1.798,2025-01-01,2017-12-29
492477AC8,50000.00,104.313,3.250,2044-06-01,2017-12-29
3733843L8,25000.00,114.180,1.833,2025-01-01,2017-12-29
64972GPU2,35000.00,108.552,2.957,2048-06-15,2017-12-29
815853RQ1,35000.00,101.872,2.849,2035-08-15,2017-12-29
815853RQ1,35000.00,99.875,3.134,2035-08-15,2017-12-29
74514LE86,100000.00,23.715,,2035-07-01,2017-12-29
92778VBT4,15000.00,112.306,1.860,2022-02-01,2017-12-29
815853RQ1,35000.00,99.875,3.134,2035-08-15,2017-12-29
815853RQ1,35000.00,99.875,3.134,2035-08-15,2017-12-29
642577RP7,30000.00,97.663,3.428,2035-07-01,2017-12-29
690690NW8,300000.00,105.366,2.461,2036-09-01,2017-12-29
13063DDG0,5000000.00,97.822,2.660,2023-10-01,2017-12-29
589659DW8,50000.00,113.461,2.143,2025-12-01,2017-12-29
745235B42,15000.00,19.790,,2037-07-01,2017-12-29
745235B42,15000.00,19.990,,2037-07-01,2017-12-29
745235SW2,15000.00,17.980,,2026-07-01,2017-12-29
745235A68,10000.00,18.210,,2023-07-01,2017-12-29
745235A68,10000.00,18.189,,2023-07-01,2017-12-29
745235SW2,15000.00,18.000,,2026-07-01,2017-12-29
838530PC1,25000.00,89.770,4.168,2029-01-01,2017-12-29
838530PC1,25000.00,89.770,4.168,2029-01-01,2017-12-29
35483LMD4,500000.00,118.325,1.998,2024-07-15,2017-12-29
463777YP1,100000.00,99.574,2.370,2021-09-15,2017-12-29
44420PDQ4,50000.00,107.859,2.376,2047-02-15,2017-12-29
60637ACW0,5000.00,101.855,3.581,2042-11-15,2017-12-29
517845AH6,10000.00,118.074,1.988,2024-06-01,2017-12-29
517845AH6,10000.00,117.994,2.000,2024-06-01,2017-12-29
786009BW9,20000.00,114.441,1.660,2022-07-01,2017-12-29
786009BW9,20000.00,114.521,1.643,2022-07-01,2017-12-29
676295EL8,50000.00,116.459,1.820,2023-06-15,2017-12-29
676295EL8,50000.00,116.459,1.820,2023-06-15,2017-12-29
79904NER7,60000.00,110.164,2.298,2029-06-15,2017-12-29
64990E5G8,10000.00,103.440,1.900,2019-02-15,2017-12-29
847172HY2,50000.00,95.000,3.341,2038-04-01,2017-12-29
64966J2K1,900000.00,113.542,1.999,2030-10-01,2017-12-29
64990E5G8,10000.00,103.190,2.120,2019-02-15,2017-12-29
751093FL4,500000.00,100.000,,2034-02-01,2017-12-28
14760NAU4,15000.00,99.796,5.428,2020-06-01,2017-12-29
864744AL1,5000.00,105.379,2.988,2024-11-01,2017-12-29
91802RBL2,5000.00,99.835,3.014,2031-12-15,2017-12-29
864744AL1,5000.00,105.379,2.988,2024-11-01,2017-12-29
659666VD0,5000.00,98.628,3.113,2033-04-01,2017-12-29
91802RBL2,5000.00,99.835,3.014,2031-12-15,2017-12-29
659666VD0,5000.00,98.628,3.113,2033-04-01,2017-12-29
87638QMB2,5000.00,106.630,2.621,2040-08-15,2017-12-29
87638QMB2,5000.00,106.630,2.621,2040-08-15,2017-12-29
442331T46,5000.00,106.696,1.840,2020-03-01,2017-12-29
68428PEV3,30000.00,103.830,1.441,2035-02-01,2017-12-29
051690EZ4,235000.00,101.349,1.520,2018-12-01,2017-12-29
68428PEV3,30000.00,103.730,1.531,2035-02-01,2017-12-29
485096AV3,5000.00,95.907,3.300,2036-04-01,2017-12-29
649903B91,100000.00,101.832,1.351,2026-07-01,2017-12-29
649903B91,100000.00,101.832,1.351,2026-07-01,2017-12-29
649903B91,100000.00,101.832,1.351,2026-07-01,2017-12-29
13033LFH5,5000.00,104.877,2.329,2036-11-15,2017-12-29
13068LH24,10000.00,121.514,2.275,2026-10-01,2017-12-29
68428PEV3,30000.00,103.830,1.441,2035-02-01,2017-12-29
797355T79,100000.00,109.394,2.179,2028-07-01,2017-12-29
68428PEV3,30000.00,103.830,1.441,2035-02-01,2017-12-29
13068LLK9,385000.00,117.355,1.850,2024-11-01,2017-12-29
13068LLK9,385000.00,117.295,1.860,2024-11-01,2017-12-29
677522HN7,10000.00,121.175,2.293,2026-09-01,2017-12-29
44420PDQ4,50000.00,107.859,2.376,2047-02-15,2017-12-29
60637ACW0,5000.00,101.355,3.693,2042-11-15,2017-12-29
485096AV3,5000.00,95.407,3.337,2036-04-01,2017-12-29
783186QQ5,25000.00,112.452,2.493,2032-05-01,2017-12-29
778102Q63,5000.00,108.872,1.980,2025-02-01,2017-12-29
778102Q63,5000.00,108.872,1.980,2025-02-01,2017-12-29
914716D69,50000.00,101.450,3.273,2031-04-01,2017-12-29
797355T79,100000.00,109.334,2.191,2028-07-01,2017-12-29
796846DZ3,100000.00,113.477,1.643,2024-03-01,2017-12-29
98816PAM4,40000.00,117.692,2.123,2026-08-15,2017-12-29
52976BCB0,15000.00,101.024,3.850,2043-01-01,2017-12-29
74529JNV3,1000000.00,37.000,,2046-08-01,2017-12-29
13068LZW8,20000.00,97.475,3.200,2034-04-01,2017-12-29
0124288B7,150000.00,99.010,2.193,2023-06-15,2017-12-29
442331T46,5000.00,106.196,2.067,2020-03-01,2017-12-29
341271AA2,15000.00,99.968,2.184,2019-07-01,2017-12-29
79904NER7,60000.00,110.164,2.298,2029-06-15,2017-12-29
341271AA2,15000.00,99.968,2.184,2019-07-01,2017-12-29
0124288B7,150000.00,99.260,2.144,2023-06-15,2017-12-29
0124288B7,150000.00,99.010,2.193,2023-06-15,2017-12-29
708475SH2,25000.00,96.328,2.499,2026-03-01,2017-12-29
708475SH2,25000.00,96.078,2.534,2026-03-01,2017-12-29
684545YL4,10000.00,111.326,1.862,2021-10-01,2017-12-29
708475SH2,25000.00,95.886,2.560,2026-03-01,2017-12-29
745401AP4,35000.00,98.920,3.107,2030-02-01,2017-12-29
30383ACE9,50000.00,100.100,3.815,2025-04-01,2017-12-29
708475SH2,25000.00,95.636,2.595,2026-03-01,2017-12-29
59333NYV9,75000.00,105.671,3.250,2039-10-01,2017-12-29
59333NYV9,75000.00,105.671,3.250,2039-10-01,2017-12-29
64971QK93,100000.00,114.388,1.875,2026-11-01,2017-12-29
470844Z95,150000.00,98.180,2.111,2021-02-01,2017-12-29
684545YL4,10000.00,111.451,1.830,2021-10-01,2017-12-29
91412GYQ2,10000.00,118.678,2.238,2031-05-15,2017-12-29
60636C8E2,5000.00,100.964,4.000,2038-04-01,2017-12-29
455057VK2,10000.00,105.500,2.307,2038-12-01,2017-12-29
14760NAU4,15000.00,99.796,5.428,2020-06-01,2017-12-29
787219AC8,5000.00,99.000,5.462,2035-11-01,2018-01-04
455057VK2,10000.00,105.500,2.307,2038-12-01,2017-12-29
494890A22,100000.00,110.384,1.362,2020-12-01,2017-12-29
917563MW5,10000.00,100.000,2.999,2032-12-01,2017-12-29
494890A22,100000.00,109.427,1.680,2020-12-01,2017-12-29
89438LCD8,75000.00,113.304,2.386,2032-01-01,2017-12-29
718814Q41,5000.00,120.142,2.371,2026-07-01,2017-12-29
709235XP5,40000.00,118.511,2.020,2024-09-01,2017-12-29
424672WN9,100000.00,111.640,2.010,2024-04-01,2017-12-29
12343EBK5,50000.00,100.574,1.650,2019-09-01,2017-12-29
64971QK93,100000.00,114.328,1.887,2026-11-01,2017-12-29
64971QK93,100000.00,114.328,1.887,2026-11-01,2017-12-29
57584XTL5,20000.00,111.263,2.520,2035-07-01,2017-12-29
574300HB8,10000.00,100.878,2.988,2029-07-01,2017-12-29
01753PDZ1,1255000.00,108.524,3.000,2029-12-01,2017-12-28
574300HB8,10000.00,100.878,2.988,2029-07-01,2017-12-29
565566AE6,20000.00,100.885,1.200,2040-03-01,2017-12-29
70914PTQ5,155000.00,107.410,1.639,2020-04-01,2017-12-29
70914PTQ5,155000.00,107.160,1.747,2020-04-01,2017-12-29
57584XTC5,150000.00,114.338,2.146,2027-07-01,2017-12-29
74526QUX8,10000.00,27.880,,2021-07-01,2017-12-29
74526QUX8,10000.00,27.880,,2021-07-01,2017-12-29
839097AK8,35000.00,102.932,1.630,2019-04-01,2017-12-29
48619KCG0,135000.00,105.347,2.190,2025-03-01,2017-12-29
574300HB8,10000.00,99.465,4.811,2029-07-01,2017-12-29
661707FQ7,500000.00,102.860,2.279,2028-06-01,2017-12-29
34153PGA0,300000.00,102.610,1.564,2033-06-01,2017-12-27
839097AK8,35000.00,103.032,1.550,2019-04-01,2017-12-29
839097AK8,35000.00,103.032,1.550,2019-04-01,2017-12-29
60636C8E2,5000.00,100.464,4.128,2038-04-01,2017-12-29
783186QQ5,25000.00,112.452,2.493,2032-05-01,2017-12-29
452650JA3,5000.00,115.959,2.936,2041-11-01,2017-12-29
452650JA3,5000.00,115.620,2.976,2041-11-01,2017-12-29
426362MG1,15000.00,117.132,1.767,2023-08-01,2017-12-29
93974DVY1,10000.00,120.395,2.230,2026-02-01,2017-12-29
45506DXS9,25000.00,90.409,3.700,2044-03-01,2018-01-03
677522CW2,50000.00,113.157,1.909,2023-06-15,2017-12-29
60637ALC4,5000.00,93.000,,2050-01-01,2017-12-29
60637ALC4,5000.00,92.500,,2050-01-01,2017-12-29
45506DXS9,25000.00,92.217,3.585,2044-03-01,2018-01-03
64971M4N9,70000.00,108.420,2.431,2030-08-01,2017-12-29
3733843L8,25000.00,114.430,1.798,2025-01-01,2017-12-29
470844Z95,150000.00,97.980,2.179,2021-02-01,2017-12-29
718814Q41,5000.00,120.142,2.371,2026-07-01,2017-12-29
470844Z95,150000.00,97.980,2.179,2021-02-01,2017-12-29
93974DVY1,10000.00,120.295,2.242,2026-02-01,2017-12-29
93974DVY1,10000.00,120.108,2.265,2026-02-01,2017-12-29
25928MBZ9,5000.00,97.333,4.241,2033-01-15,2017-12-29
674736DR1,50000.00,99.500,3.034,2036-12-01,2017-12-29
64971M4N9,70000.00,110.317,1.715,2030-08-01,2017-12-29
92818L4A7,50000.00,94.750,3.320,2041-11-01,2017-12-29
132034AD1,50000.00,99.030,3.114,2027-11-01,2017-12-29
64971M4N9,70000.00,108.420,2.431,2030-08-01,2017-12-29
132034AD1,50000.00,99.155,3.100,2027-11-01,2017-12-29
662903NN9,10000.00,111.250,1.818,2021-09-01,2017-12-29
562333JN5,10000.00,102.213,2.651,2028-12-01,2017-12-29
662903NN9,10000.00,111.000,1.884,2021-09-01,2017-12-29
68607DSS5,30000.00,114.500,1.874,2022-11-15,2017-12-29
791676DW6,5000.00,98.250,3.282,2031-12-15,2017-12-29
155745CW0,100000.00,97.625,3.400,2040-12-01,2018-01-11
83818PED0,100000.00,101.137,1.894,2019-01-15,2017-12-29
914302FG4,50000.00,98.775,3.326,2041-02-15,2017-12-29
68607DSS5,30000.00,114.625,1.850,2022-11-15,2017-12-29
988176JS3,140000.00,107.806,3.054,2039-08-01,2017-12-28
426362MG1,230000.00,117.172,1.760,2023-08-01,2017-12-29
914302FG4,50000.00,101.275,3.071,2041-02-15,2017-12-29
042599AC4,2045000.00,105.150,1.782,2028-05-01,2017-12-29
796846DZ3,100000.00,113.637,1.607,2024-03-01,2017-12-29
796846DZ3,100000.00,113.537,1.630,2024-03-01,2017-12-29
91412GYQ2,10000.00,118.428,2.272,2031-05-15,2017-12-29
91412GYQ2,10000.00,118.308,2.288,2031-05-15,2017-12-29
426362MG1,245000.00,117.169,1.760,2023-08-01,2017-12-29
45506DXS9,25000.00,90.409,3.700,2044-03-01,2017-12-29
426362MG1,245000.00,117.269,1.743,2023-08-01,2017-12-29
898526EL8,2000000.00,100.508,1.791,2018-06-01,2017-12-28
68607DSS5,20000.00,114.625,1.850,2022-11-15,2017-12-29
68607DSS5,20000.00,114.500,1.874,2022-11-15,2017-12-29
5064846Z2,10000.00,106.850,1.769,2023-03-01,2017-12-29
13068LH24,10000.00,122.109,2.208,2026-10-01,2017-12-29
341271AA2,15000.00,99.968,2.184,2019-07-01,2017-12-29
791676DW6,5000.00,97.750,3.327,2031-12-15,2017-12-29
65819GLT3,50000.00,100.000,3.374,2030-10-01,2018-01-08
13068LH24,10000.00,121.634,2.262,2026-10-01,2017-12-29
914302FG4,50000.00,98.900,3.318,2041-02-15,2017-12-29
158843XC1,75000.00,103.419,1.690,2019-07-01,2017-12-29
13067JMW8,20000.00,104.900,1.932,2021-07-01,2017-12-29
454898TX5,25000.00,114.818,3.012,2042-01-01,2017-12-29
45200FGC7,10000.00,102.138,1.806,2047-08-15,2017-12-29
13067JMW8,20000.00,105.000,1.866,2021-07-01,2017-12-29
13080SKS2,25000.00,101.800,2.751,2029-08-15,2017-12-29
437884NZ8,55000.00,104.907,2.078,2023-09-01,2017-12-29
13067JMW8,20000.00,105.000,1.866,2021-07-01,2017-12-29
13080SKS2,25000.00,101.800,2.751,2029-08-15,2017-12-29
437884NZ8,55000.00,104.896,2.080,2023-09-01,2017-12-28
45200FGC7,10000.00,102.288,1.569,2047-08-15,2017-12-29
5742184L4,5000.00,100.860,3.518,2038-07-01,2017-12-29
5742184L4,5000.00,101.360,2.525,2038-07-01,2017-12-29
5742184L4,5000.00,101.360,2.525,2038-07-01,2017-12-29
928109RT6,50000.00,100.600,2.679,2026-06-01,2017-12-29
927793ZR3,125000.00,94.750,3.357,2038-05-15,2017-12-29
95640HHD3,25000.00,115.283,2.050,2026-08-01,2017-12-29
032555MD3,100000.00,93.425,2.718,2028-08-01,2017-12-29
465650XG9,15000.00,100.838,2.853,2037-04-15,2017-12-29
650035D70,30000.00,106.740,1.872,2020-03-15,2017-12-29
254764HB2,500000.00,102.080,1.400,2045-07-15,2017-12-29
212218SP7,40000.00,102.074,1.600,2019-10-01,2017-12-29
212218SP7,40000.00,102.074,1.600,2019-10-01,2017-12-29
608113BP0,250000.00,101.948,1.370,2024-07-01,2017-12-29
709235UB9,20000.00,107.450,1.500,2026-03-01,2017-12-29
212218SP7,40000.00,102.074,1.600,2019-10-01,2017-12-29
709235UB9,20000.00,107.450,1.500,2026-03-01,2017-12-29
13063CMZ0,35000.00,105.785,2.681,2034-10-01,2018-01-02
13063CMZ0,35000.00,103.785,3.000,2034-10-01,2018-01-02
709235UB9,20000.00,107.450,1.500,2026-03-01,2017-12-29
60637AGQ9,5000.00,104.433,3.518,2048-11-15,2017-12-29
058219TQ9,25000.00,108.308,2.900,2032-08-01,2017-12-29
120532LF1,5000.00,98.170,3.117,2039-07-01,2017-12-29
91802RAK5,5000.00,116.351,2.070,2031-12-15,2017-12-29
562333JN5,10000.00,101.963,2.718,2028-12-01,2017-12-29
562333JN5,10000.00,101.963,2.718,2028-12-01,2017-12-29
89602NS96,15000.00,115.191,2.001,2038-11-15,2018-01-02
54438CKR2,75000.00,101.922,1.703,2026-08-01,2017-12-29
64985HWH6,100000.00,107.738,2.976,2046-08-15,2017-12-29
232760T99,100000.00,100.220,1.629,2018-02-15,2017-12-29
944488QL2,25000.00,110.385,5.360,2025-12-01,2017-12-29
60637AGQ9,5000.00,103.933,3.598,2048-11-15,2017-12-29
57587AXM5,50000.00,100.601,3.424,2037-12-01,2017-12-29
015086MN8,5000.00,114.851,2.048,2038-05-01,2017-12-29
120532LF1,5000.00,101.045,2.873,2039-07-01,2017-12-29
454898TX5,25000.00,114.983,2.991,2042-01-01,2017-12-29
120532LF1,5000.00,98.670,3.085,2039-07-01,2017-12-29
70914PRD6,50000.00,107.618,1.950,2028-11-15,2017-12-29
45200FWD7,25000.00,107.160,1.836,2037-11-15,2017-12-29
45200FWD7,25000.00,107.060,1.906,2037-11-15,2017-12-29
709235UB9,20000.00,107.450,1.500,2026-03-01,2017-12-29
10146LCG0,100000.00,108.778,1.897,2021-12-01,2017-12-29
27627TBM3,400000.00,100.000,,2038-07-01,2017-12-29
608113BP0,250000.00,102.068,1.135,2024-07-01,2017-12-29
498622GZ6,15000.00,104.101,2.250,2036-12-01,2017-12-29
70914PRD6,50000.00,107.493,1.982,2028-11-15,2017-12-29
13063DEL8,15000.00,100.074,2.991,2034-12-01,2017-12-29
542690U34,25000.00,104.623,2.000,2039-04-01,2017-12-29
57587AXM5,50000.00,100.501,3.437,2037-12-01,2017-12-29
542690U34,25000.00,104.751,1.900,2039-04-01,2017-12-29
647310X48,5000.00,108.540,2.008,2022-07-01,2017-12-29
647310X48,5000.00,108.540,2.008,2022-07-01,2017-12-29
74514LB22,10000.00,18.210,,2027-07-01,2017-12-29
798755FP4,50000.00,110.233,2.776,2037-08-01,2017-12-29
70914PRD6,50000.00,107.618,1.950,2028-11-15,2017-12-29
952347VB5,500000.00,109.884,2.100,2034-08-01,2017-12-29
442348J90,10000.00,115.750,2.786,2024-07-01,2017-12-29
442348J90,10000.00,116.000,2.747,2024-07-01,2017-12-29
837031VD2,500000.00,104.625,3.353,2033-04-01,2017-12-29
64985HWH6,100000.00,107.738,2.976,2046-08-15,2017-12-29
56042RQK1,125000.00,98.875,3.580,2037-07-01,2017-12-28
49151E3K7,1500000.00,104.640,2.016,2019-08-01,2017-12-29
787219AC8,10000.00,99.000,5.462,2035-11-01,2018-01-04
592030E89,1000000.00,101.186,1.827,2021-05-15,2017-12-29
49151E3K7,1500000.00,104.690,1.985,2019-08-01,2017-12-29
65820AAL2,100000.00,106.130,2.378,2040-11-01,2017-12-29
01728RKB4,50000.00,101.000,3.039,2029-03-01,2017-12-29
914072WG4,100000.00,118.411,2.095,2025-11-01,2017-12-29
914072WG4,100000.00,118.411,2.095,2025-11-01,2017-12-29
042598AB8,2145000.00,105.000,1.716,2028-05-01,2017-12-29
65820AAL2,100000.00,106.190,2.356,2040-11-01,2017-12-29
837031VE0,750000.00,104.500,3.370,2034-04-01,2017-12-29
01728RKB4,50000.00,101.000,3.039,2029-03-01,2017-12-29
01728RKB4,50000.00,101.000,3.039,2029-03-01,2017-12-29
052414GU7,15000.00,100.163,2.763,2018-11-15,2017-12-29
745291VH4,70000.00,2.250,,2026-08-01,2017-12-29
57582RAD8,5000.00,114.690,1.814,2026-11-01,2017-12-29
517704FQ0,75000.00,98.500,3.604,2038-07-01,2017-12-29
426362MG1,230000.00,116.987,1.791,2023-08-01,2017-12-29
787758NT4,20000.00,105.356,2.100,2022-12-01,2017-12-29
57582RAD8,5000.00,114.190,1.914,2026-11-01,2017-12-29
272875W68,400000.00,107.725,2.629,2028-08-01,2017-12-29
783186SA8,15000.00,112.922,2.402,2043-05-01,2018-01-02
16639EAY0,5000.00,108.213,2.008,2042-11-01,2017-12-29
408810KR9,50000.00,97.262,3.200,2036-02-15,2017-12-29
408810KR9,50000.00,99.637,3.026,2036-02-15,2017-12-29
052455DE9,25000.00,105.012,1.557,2019-05-15,2017-12-29
753387BL2,75000.00,106.034,1.653,2019-11-01,2017-12-29
46613SGB0,30000.00,107.522,3.100,2038-10-01,2017-12-29
604146AS9,55000.00,112.122,1.959,2029-03-01,2017-12-29
66353LAX5,10000000.00,102.957,1.450,2034-11-01,2017-12-28
91802RAK5,5000.00,116.351,2.070,2031-12-15,2017-12-29
13063A4K7,15000.00,103.940,1.809,2020-04-01,2017-12-29
92778VBT4,15000.00,112.056,1.919,2022-02-01,2017-12-29
49126KHS3,25000.00,105.000,3.518,2042-08-15,2017-12-29
25483VCG7,20000.00,103.882,1.688,2019-12-01,2017-12-29
709235XP5,40000.00,118.261,2.056,2024-09-01,2017-12-29
835240ZE5,25000.00,103.190,1.471,2020-02-15,2017-12-29
835240ZE5,25000.00,103.100,1.513,2020-02-15,2017-12-29
59334NEA6,10000.00,109.010,2.389,2030-08-01,2017-12-29
49126KHS3,25000.00,105.000,3.518,2042-08-15,2017-12-29
13063A4K7,15000.00,104.040,1.731,2020-04-01,2017-12-29
13063A4K7,15000.00,104.040,1.731,2020-04-01,2017-12-29
25483VCG7,20000.00,103.782,1.740,2019-12-01,2017-12-29
494890A22,75000.00,109.547,1.640,2020-12-01,2017-12-29
757419FT8,500000.00,99.400,3.055,2031-04-01,2017-12-29
2174895J8,25000.00,104.762,2.010,2020-08-15,2017-12-29
59334NEA6,10000.00,109.160,2.332,2030-08-01,2017-12-29
709224PE3,50000.00,95.500,3.397,2032-06-01,2017-12-29
25483VCG7,20000.00,103.782,1.740,2019-12-01,2017-12-29
052455DE9,25000.00,104.812,1.700,2019-05-15,2017-12-29
442331UZ5,70000.00,107.167,1.627,2020-03-01,2017-12-29
917547ZD6,50000.00,98.751,3.108,2032-05-15,2017-12-29
407288YZ6,100000.00,114.490,2.363,2038-12-01,2017-12-29
38611TAD9,10000.00,110.020,3.085,2053-04-01,2017-12-29
97709TAS5,135000.00,104.593,1.716,2019-06-01,2017-12-29
38611TAD9,10000.00,110.020,3.085,2053-04-01,2017-12-29
283734D32,10000.00,104.352,3.412,2042-08-15,2017-12-29
83755VZL1,25000.00,113.710,2.463,2023-11-01,2017-12-29
97709TAS5,135000.00,104.593,1.716,2019-06-01,2017-12-29
341507L41,20000.00,105.000,1.624,2019-07-01,2017-12-29
341507L41,20000.00,104.800,1.755,2019-07-01,2017-12-29
57582RGJ9,100000.00,119.669,2.037,2025-03-01,2017-12-29
46613SGN4,50000.00,100.000,3.374,2034-10-01,2018-01-05
407288YZ6,100000.00,114.390,2.380,2038-12-01,2017-12-29
646136WV9,25000.00,103.504,4.371,2039-12-15,2017-12-29
646136WV9,25000.00,103.504,4.371,2039-12-15,2017-12-29
917547ZD6,50000.00,98.626,3.119,2032-05-15,2017-12-29
917547ZD6,50000.00,98.626,3.119,2032-05-15,2017-12-29
709224PE3,50000.00,95.375,3.408,2032-06-01,2017-12-29
718814Q33,10000.00,120.457,2.045,2025-07-01,2017-12-29
718814Q33,10000.00,120.207,2.078,2025-07-01,2017-12-29
196632LW1,50000.00,108.628,1.903,2023-11-15,2017-12-29
196632LV3,50000.00,108.658,1.893,2022-11-15,2017-12-29
13063DEL8,15000.00,99.874,3.009,2034-12-01,2017-12-29
608113BP0,250000.00,101.958,1.350,2024-07-01,2017-12-29
75913TJG0,50000.00,107.197,1.943,2024-06-01,2017-12-29
13033LUP0,10000.00,107.875,1.912,2020-08-15,2017-12-29
13068LZW8,30000.00,97.725,3.180,2034-04-01,2017-12-29
13067WLV2,15000.00,124.120,2.030,2027-12-01,2017-12-29
13067WLV2,15000.00,124.040,2.039,2027-12-01,2017-12-29
93974DGV4,35000.00,118.562,1.948,2024-07-01,2017-12-29
93974DGV4,35000.00,118.483,1.960,2024-07-01,2017-12-29
052476G93,15000.00,115.460,2.373,2043-11-15,2017-12-29
35483LMD4,500000.00,118.450,1.980,2024-07-15,2017-12-29
0873474U1,25000.00,112.847,2.120,2025-12-01,2017-12-29
721864DW3,5000.00,107.702,2.556,2023-07-01,2017-12-29
93975WEM3,5000.00,101.530,1.350,2018-06-01,2017-12-29
93975WEM3,5000.00,101.430,1.584,2018-06-01,2017-12-29
537071PX4,50000.00,110.803,1.950,2023-08-01,2017-12-29
93975WEM3,5000.00,101.430,1.584,2018-06-01,2017-12-29
57584XYC9,5000.00,107.586,2.987,2036-07-15,2017-12-29
20774UU29,250000.00,101.842,1.351,2040-07-01,2017-12-28
20774UU29,150000.00,101.842,1.351,2040-07-01,2017-12-28
20774UU29,25000.00,101.842,1.351,2040-07-01,2017-12-28
57584XYC9,5000.00,107.486,3.000,2036-07-15,2017-12-29
83755VZL1,25000.00,113.710,2.463,2023-11-01,2017-12-29
74514LB22,10000.00,18.392,,2027-07-01,2017-12-29
052476G93,15000.00,114.460,2.530,2043-11-15,2017-12-29
59465HUS3,1000000.00,119.804,2.710,2031-12-01,2017-12-29
74529JNL5,25000.00,8.900,,2029-08-01,2017-12-29
59465HUS3,1000000.00,119.900,2.700,2031-12-01,2017-12-29
74529JNL5,25000.00,9.000,,2029-08-01,2017-12-29
709224PE3,50000.00,95.375,3.408,2032-06-01,2017-12-29
914072WG4,100000.00,118.471,2.087,2025-11-01,2017-12-29
59333NZC0,15000.00,56.351,3.673,2033-10-01,2017-12-29
89438LCD8,50000.00,113.304,2.386,2032-01-01,2017-12-29
59261ASG3,5000.00,109.290,2.472,2041-11-15,2017-12-29
551800FJ9,50000.00,108.295,2.901,2041-08-01,2017-12-29
551800FJ9,50000.00,107.223,3.037,2041-08-01,2017-12-29
69182QCR6,275000.00,103.270,2.816,2030-07-15,2017-12-29
819751EY0,500000.00,103.166,2.267,2031-05-15,2017-12-29
6499055W2,10000.00,108.380,2.289,2050-07-01,2017-12-29
718814Q33,5000.00,120.002,2.104,2025-07-01,2017-12-29
186054GB2,25000.00,99.650,1.551,2019-03-01,2017-12-29
409504MY0,500000.00,100.463,2.872,2029-11-15,2017-12-29
718814Q33,5000.00,120.502,2.040,2025-07-01,2017-12-29
283734D32,10000.00,104.352,3.412,2042-08-15,2017-12-29
646136ET4,50000.00,60.491,3.916,2030-12-15,2017-12-29
745190MS4,10000.00,1.400,,2028-07-01,2017-12-29
57584XYC9,5000.00,107.486,3.000,2036-07-15,2017-12-29
010824JH4,50000.00,107.806,2.848,2039-08-01,2017-12-29
010824JH4,50000.00,106.739,3.000,2039-08-01,2017-12-29
589659DW8,50000.00,113.461,2.143,2025-12-01,2017-12-29
41422MCQ6,50000.00,98.467,3.134,2032-04-01,2018-01-11
537071PX4,50000.00,110.803,1.950,2023-08-01,2017-12-29
646136ET4,50000.00,60.491,3.916,2030-12-15,2017-12-29
41422MCQ6,50000.00,97.167,3.250,2032-04-01,2018-01-11
54651TAX3,5000.00,110.037,2.572,2043-08-15,2017-12-29
41422MCQ6,50000.00,97.167,3.250,2032-04-01,2018-01-11
914148JS1,100000.00,100.000,2.999,2030-02-15,2017-12-29
145808AL5,20000.00,117.769,2.459,2025-12-01,2017-12-29
947272GV6,20000.00,99.580,3.033,2033-08-01,2017-12-29
947272GV6,20000.00,98.380,3.131,2033-08-01,2017-12-28
414942PE6,5000.00,97.875,3.632,2042-03-01,2017-12-29
181070DH3,35000.00,105.070,1.578,2019-07-01,2017-12-29
181070DH3,35000.00,104.870,1.709,2019-07-01,2017-12-29
221623YC9,50000.00,110.585,2.736,2033-08-01,2018-01-03
129534AH6,15000.00,108.005,2.026,2022-04-01,2017-12-29
721864DW3,5000.00,107.902,2.477,2023-07-01,2017-12-29
721864DW3,5000.00,107.702,2.556,2023-07-01,2017-12-29
186054GB2,25000.00,99.750,1.465,2019-03-01,2017-12-29
129534AH6,15000.00,107.905,2.050,2022-04-01,2017-12-29
186054GB2,25000.00,99.850,1.379,2019-03-01,2017-12-29
915137U35,400000.00,100.000,,2039-08-01,2017-12-29
287425F64,150000.00,119.820,1.988,2025-02-01,2017-12-29
64990E5J2,35000.00,109.390,1.893,2021-02-15,2017-12-29
786004RD5,5000.00,104.409,-46.501,2019-10-01,2017-12-29
87515ECB8,10000.00,111.792,3.372,2046-11-15,2017-12-29
66285WFX9,20000.00,111.524,2.028,2038-01-01,2017-12-29
956622ZS6,15000.00,103.854,2.748,2023-09-01,2017-12-29
60637ALJ9,165000.00,116.768,2.170,2024-05-15,2017-12-29
792072DR8,10000.00,108.120,2.476,2032-10-01,2017-12-29
745220JX2,25000.00,3.300,,2016-07-01,2017-12-29
745220JX2,25000.00,3.005,,2016-07-01,2017-12-29
74514LE86,2700000.00,21.250,,2035-07-01,2017-12-29
753387BL2,75000.00,105.834,1.760,2019-11-01,2017-12-29
08451PAV3,50000.00,100.000,3.749,2042-11-01,2017-12-29
650367GJ8,15000.00,103.010,3.100,2028-10-01,2017-12-29
442331UZ5,70000.00,106.917,1.740,2020-03-01,2017-12-29
593241BX9,5000.00,106.777,3.180,2042-09-01,2017-12-29
13068LZW8,30000.00,97.475,3.200,2034-04-01,2017-12-29
593241BX9,5000.00,109.054,2.918,2042-09-01,2017-12-29
60412AFW8,40000.00,121.002,2.002,2025-08-01,2017-12-29
60412AFW8,40000.00,120.752,2.034,2025-08-01,2017-12-29
798755FP4,50000.00,109.148,2.900,2037-08-01,2017-12-29
684907TG3,95000.00,99.225,1.614,2020-03-01,2017-12-29
613348BF7,10000.00,55.652,7.010,2026-07-01,2017-12-29
594612DB6,75000.00,107.200,1.668,2020-03-15,2017-12-29
613348BF7,10000.00,56.209,6.889,2026-07-01,2017-12-29
594612DB6,75000.00,107.450,1.558,2020-03-15,2017-12-29
897823BK5,30000.00,100.000,2.999,2033-09-01,2017-12-29
051690EZ4,235000.00,101.349,1.520,2018-12-01,2017-12-29
79765RM30,30000.00,110.518,1.218,2021-11-01,2017-12-29
79765RM30,30000.00,109.272,1.643,2021-11-01,2017-12-29
833153SZ3,80000.00,106.409,1.600,2019-12-01,2017-12-29
802649RJ4,10000.00,116.396,1.933,2023-09-01,2017-12-29
59334DJR6,150000.00,97.434,3.514,2047-10-01,2017-12-29
59334DJR6,150000.00,97.334,3.520,2047-10-01,2017-12-29
5446465Q1,10000.00,124.263,2.162,2027-07-01,2017-12-29
79765RM30,30000.00,109.397,1.600,2021-11-01,2017-12-29
04048RLB0,5000.00,115.703,1.975,2023-07-01,2017-12-29
64990EYK7,30000.00,118.492,2.211,2030-03-15,2017-12-29
04048RLB0,5000.00,115.564,2.000,2023-07-01,2017-12-29
684907TG3,95000.00,98.975,1.732,2020-03-01,2017-12-29
64990EYK7,30000.00,118.572,2.200,2030-03-15,2017-12-29
64465PQ35,50000.00,93.020,2.762,2028-08-15,2017-12-29
64465PQ35,50000.00,93.020,2.762,2028-08-15,2017-12-29
529050EP7,30000.00,117.102,2.981,2028-11-01,2017-12-29
13063BFS6,15000.00,113.000,3.288,2022-03-01,2017-12-29
71883MMJ0,35000.00,118.689,2.277,2025-07-01,2017-12-29
46613P3T1,25000.00,98.625,3.349,2036-10-01,2017-12-29
794665FZ7,30000.00,116.500,1.972,2023-10-15,2017-12-29
60636C8E2,35000.00,100.867,4.024,2038-04-01,2017-12-29
64990E5J2,35000.00,109.210,1.949,2021-02-15,2017-12-29
764581JZ8,175000.00,102.529,1.615,2018-10-01,2017-12-29
208418D83,10000.00,119.000,2.114,2025-02-15,2017-12-29
158843XC1,75000.00,103.319,1.756,2019-07-01,2017-12-29
46613P3T1,25000.00,99.900,3.256,2036-10-01,2017-12-29
93974DGG7,25000.00,116.245,1.880,2023-07-01,2017-12-29
212218SP7,40000.00,101.949,1.683,2019-10-01,2017-12-29
239421GN4,20000.00,102.000,1.197,2028-12-01,2017-12-29
93974DGG7,25000.00,116.245,1.880,2023-07-01,2017-12-29
385230AC1,20000.00,91.140,8.963,2030-02-01,2017-12-29
385230AC1,20000.00,89.805,9.160,2030-02-01,2017-12-29
551800FJ9,50000.00,107.223,3.037,2041-08-01,2017-12-29
385230AC1,20000.00,89.750,9.168,2030-02-01,2017-12-29
239421GN4,20000.00,102.000,1.197,2028-12-01,2017-12-29
745190MS4,165000.00,2.250,,2028-07-01,2017-12-29
270424CB8,40000.00,111.748,2.400,2026-02-15,2017-12-29
4521517F4,200000.00,101.300,0.158,2034-04-01,2017-12-29
46613P3T1,25000.00,98.375,3.367,2036-10-01,2017-12-29
4521517F4,200000.00,100.900,1.691,2034-04-01,2017-12-29
010608K55,100000.00,104.275,1.753,2029-05-01,2017-12-29
516360JV7,390000.00,97.240,3.197,2036-09-01,2017-12-29
87515ECB8,10000.00,111.944,3.352,2046-11-15,2017-12-29
34440TDJ9,45000.00,109.547,2.630,2040-10-01,2017-12-29
34440TDJ9,45000.00,108.462,2.779,2040-10-01,2017-12-29
14915YKH2,30000.00,99.250,4.562,2035-08-01,2017-12-29
160853TH0,25000.00,107.692,2.920,2045-01-15,2017-12-29
594519XA3,100000.00,103.999,-53.660,2021-09-01,2018-01-03
36559NBC1,100000.00,100.590,2.088,2021-11-01,2017-12-29
6775217P5,10000.00,107.309,1.793,2020-05-01,2017-12-29
6775217P5,10000.00,107.559,1.689,2020-05-01,2017-12-29
20772JP22,750000.00,113.830,3.014,2031-11-15,2017-12-29
497705ET6,65000.00,101.730,1.504,2019-03-01,2017-12-29
574218DU4,30000.00,110.332,2.030,2021-08-15,2017-12-29
497705ET6,65000.00,101.530,1.675,2019-03-01,2017-12-29
574218DU4,30000.00,110.773,1.911,2021-08-15,2017-12-29
70914PRD6,50000.00,107.618,1.950,2028-11-15,2017-12-29
57419PVN6,130000.00,100.929,2.048,2020-09-01,2017-12-29
949493XH8,50000.00,96.259,2.407,2028-06-01,2017-12-29
949493XH8,50000.00,96.259,2.407,2028-06-01,2017-12-29
7973554Z4,10000.00,115.581,1.997,2023-07-01,2017-12-29
543536CQ7,30000.00,117.964,2.100,2024-09-01,2017-12-29
745220FM0,25000.00,67.500,,2022-07-01,2017-12-29
254764HB2,100000.00,101.874,1.774,2045-07-15,2017-12-29
59333P2W7,5000.00,102.295,2.166,2038-10-01,2017-12-29
543536CQ7,30000.00,118.964,1.954,2024-09-01,2017-12-29
270182KQ0,25000.00,102.615,2.450,2028-02-01,2017-12-29
646136ET4,50000.00,60.616,3.899,2030-12-15,2017-12-29
158843XC1,75000.00,103.319,1.756,2019-07-01,2017-12-29
764581JZ8,175000.00,102.529,1.615,2018-10-01,2017-12-29
60636C8E2,35000.00,100.867,4.025,2038-04-01,2017-12-29
529050EP7,30000.00,117.102,2.981,2028-11-01,2017-12-29
13063BFS6,15000.00,113.700,3.120,2022-03-01,2017-12-29
71883MMJ0,35000.00,118.689,2.277,2025-07-01,2017-12-29
19648AGH2,3000000.00,101.145,1.632,2041-10-01,2017-12-29
873884QW3,90000.00,100.000,2.999,2034-08-01,2017-12-29
13066K2Q1,20000.00,116.622,1.771,2024-12-01,2017-12-29
13066K2Q1,20000.00,116.622,1.771,2024-12-01,2017-12-29
13066K2Q1,20000.00,116.372,1.815,2024-12-01,2017-12-29
438670V65,5000.00,120.810,2.080,2025-10-01,2017-12-29
438670V65,5000.00,120.310,2.143,2025-10-01,2017-12-29
709224TM1,45000.00,105.210,1.531,2039-06-01,2017-12-29
709224TM1,45000.00,105.010,1.669,2039-06-01,2017-12-29
103331PQ1,45000.00,99.193,3.052,2038-08-15,2018-01-11
103331PQ1,45000.00,97.249,3.183,2038-08-15,2018-01-11
13063CS92,25000.00,100.035,2.995,2036-09-01,2018-01-16
59333PX29,5000.00,102.295,2.166,2038-10-01,2017-12-29
853207AV0,50000.00,106.180,2.960,2034-08-01,2017-12-29
5446465Q1,10000.00,124.383,2.150,2027-07-01,2017-12-29
394514GN7,200000.00,108.670,2.476,2036-03-01,2017-12-29
207743TR6,30000.00,99.793,3.524,2027-11-15,2017-12-29
853207AV0,50000.00,106.180,2.960,2034-08-01,2017-12-29
802649RJ4,10000.00,116.516,1.913,2023-09-01,2017-12-29
207743TR6,30000.00,98.330,3.703,2027-11-15,2017-12-29
956458BW2,360000.00,96.276,2.521,2025-12-01,2017-12-29
802649RJ4,10000.00,116.991,1.832,2023-09-01,2017-12-29
956622ZS6,15000.00,103.954,2.688,2023-09-01,2017-12-29
956622ZS6,15000.00,104.321,2.469,2023-09-01,2017-12-29
64966LKN0,400000.00,117.589,1.960,2024-03-01,2017-12-29
745272DG6,55000.00,90.310,6.005,2032-08-01,2017-12-29
93974CG87,2000000.00,109.642,2.066,2041-06-01,2017-12-29
408810KR9,50000.00,97.137,3.209,2036-02-15,2017-12-29
085383DX2,250000.00,101.163,2.829,2031-08-15,2017-12-29
497604DV7,15000.00,99.195,3.179,2037-12-01,2017-12-29
79765RUU1,25000.00,109.503,1.919,2038-11-01,2017-12-29
914233WB3,75000.00,108.316,2.231,2022-02-15,2017-12-29
20772JP22,200000.00,113.830,3.014,2031-11-15,2017-12-29
3599002Z9,5000.00,101.769,2.566,2024-11-01,2017-12-29
3599002Z9,5000.00,102.280,2.442,2024-11-01,2017-12-29
386168VD7,20000.00,111.889,2.368,2027-01-15,2017-12-29
023015XA3,30000.00,102.014,2.748,2030-02-15,2017-12-29
574218Q48,50000.00,104.625,3.370,2041-07-01,2017-12-29
576051BW5,150000.00,100.000,,2037-08-01,2017-12-27
235308SU8,50000.00,110.279,2.045,2021-08-15,2017-12-29
64972HZN5,105000.00,122.706,2.332,2028-07-15,2017-12-29
132034AD1,50000.00,99.830,3.019,2027-11-01,2017-12-29
132034AD1,50000.00,99.330,3.079,2027-11-01,2017-12-29
649905DS2,50000.00,103.870,1.872,2019-10-01,2017-12-29
235308SU8,50000.00,109.060,2.377,2021-08-15,2017-12-29
3599002Z9,5000.00,102.280,2.442,2024-11-01,2017-12-29
594519XA3,50000.00,104.049,-54.370,2021-09-01,2018-01-03
103331PQ1,45000.00,96.999,3.199,2038-08-15,2018-01-11
942044RR1,30000.00,105.690,1.837,2019-11-01,2017-12-29
966527FM0,30000.00,106.110,1.898,2021-01-01,2017-12-29
103331PQ1,45000.00,97.249,3.183,2038-08-15,2018-01-11
57390EEW3,20000.00,119.629,2.490,2027-10-01,2017-12-29
574218Q48,50000.00,103.005,3.586,2041-07-01,2017-12-29
235308SU8,50000.00,109.160,2.350,2021-08-15,2017-12-29
13034ALP3,10000.00,122.160,2.202,2026-10-01,2017-12-29
927781XK5,15000.00,106.172,2.077,2034-03-01,2017-12-29
238388NL2,50000.00,104.400,1.850,2019-06-01,2017-12-29
481305EJ5,1000000.00,115.032,1.889,2023-02-01,2017-12-28
93974DE79,35000.00,121.845,2.320,2028-02-01,2017-12-29
64972HXA5,10000.00,106.642,3.009,2044-07-15,2017-12-29
93974DGH5,35000.00,118.483,1.960,2024-07-01,2017-12-29
113807BN0,50000.00,97.295,3.194,2036-07-15,2017-12-29
113807BN0,50000.00,97.375,3.188,2036-07-15,2017-12-29
93974DGH5,35000.00,118.562,1.948,2024-07-01,2017-12-29
64972HXA5,10000.00,106.462,3.035,2044-07-15,2017-12-29
42605PBS3,20000.00,105.189,2.591,2042-11-01,2017-12-29
436083DY2,55000.00,97.175,3.206,2036-02-01,2017-12-29
091458BM0,25000.00,100.073,3.747,2021-12-01,2017-12-29
612289QZ4,30000.00,108.168,1.758,2020-08-01,2017-12-29
745190MS4,10000.00,1.150,,2028-07-01,2017-12-29
20772JP22,250000.00,113.830,3.014,2031-11-15,2017-12-29
049843Z24,50000.00,95.701,2.513,2027-06-15,2017-12-29
049843Z24,50000.00,95.701,2.513,2027-06-15,2017-12-29
668844MD2,50000.00,95.077,2.585,2027-07-15,2017-12-29
594519XA3,50000.00,104.049,-54.370,2021-09-01,2018-01-03
757419FT8,500000.00,99.325,3.062,2031-04-01,2017-12-29
574218Q48,80000.00,103.005,3.586,2041-07-01,2017-12-29
650035TP3,10000.00,106.848,1.520,2020-01-01,2017-12-29
052414GU7,15000.00,100.413,-0.494,2018-11-15,2017-12-29
436083DY2,55000.00,97.800,3.160,2036-02-01,2017-12-29
600225KV7,150000.00,103.690,3.009,2033-08-01,2017-12-29
574218Q48,80000.00,104.625,3.370,2041-07-01,2017-12-29
59334DJR6,150000.00,97.274,3.523,2047-10-01,2017-12-29
843375QG4,65000.00,96.810,1.623,2020-01-01,2017-12-29
63165TEW1,50000.00,103.192,1.500,2018-12-01,2017-12-29
63165TEW1,50000.00,103.367,1.313,2018-12-01,2017-12-29
438689JK8,30000.00,117.326,2.133,2024-07-01,2017-12-29
769125FW0,75000.00,122.578,2.318,2030-06-01,2017-12-29
897302MB8,25000.00,99.648,2.550,2025-10-01,2017-12-29
897302MB8,25000.00,99.648,2.550,2025-10-01,2017-12-28
612289QZ4,30000.00,108.368,1.682,2020-08-01,2017-12-29
612289QZ4,30000.00,108.268,1.720,2020-08-01,2017-12-29
657815AS5,15000.00,102.651,2.187,2038-10-01,2017-12-29
717817TL4,60000.00,100.625,3.048,2036-07-01,2017-12-29
592030E89,1000000.00,101.196,1.801,2021-05-15,2017-12-29
017357A53,10000.00,101.152,3.208,2031-12-01,2017-12-29
666045AK5,50000.00,118.258,1.960,2024-06-01,2017-12-29
353590DS8,25000.00,109.612,2.930,2023-01-10,2017-12-29
353590DS8,25000.00,110.441,2.762,2023-01-10,2017-12-29
353590DS8,25000.00,110.441,2.762,2023-01-10,2017-12-29
956704TA8,10000.00,99.000,3.952,2018-04-01,2017-12-29
20772JP22,50000.00,113.830,3.014,2031-11-15,2017-12-29
44236PEY0,60000.00,107.007,1.634,2020-02-15,2017-12-29
093151FX1,100000.00,106.903,1.800,2020-03-15,2017-12-29
44236PEY0,60000.00,106.757,1.750,2020-02-15,2017-12-29
081383M32,50000.00,100.616,1.698,2020-02-01,2017-12-29
709224HM4,15000.00,104.121,3.367,2035-12-01,2017-12-29
60412AFW8,40000.00,120.502,2.066,2025-08-01,2017-12-29
081383M32,50000.00,100.366,1.820,2020-02-01,2017-12-29
897302MB8,25000.00,99.648,2.550,2025-10-01,2017-12-28
843375QF6,40000.00,98.684,1.321,2019-01-01,2017-12-29
118688CD0,35000.00,101.994,2.768,2031-12-01,2017-12-29
118688CD0,35000.00,99.750,3.022,2031-12-01,2017-12-29
13063BFS6,15000.00,113.000,3.288,2022-03-01,2017-12-29
64972HZN5,105000.00,122.706,2.332,2028-07-15,2017-12-29
843375QF6,40000.00,99.299,0.700,2019-01-01,2017-12-29
793578AR6,5000.00,108.881,1.015,2030-08-01,2017-12-29
475512EX3,20000.00,100.281,2.037,2018-03-01,2017-12-29
48619KCG0,135000.00,105.347,2.190,2025-03-01,2017-12-29
475512EX3,20000.00,100.281,2.043,2018-03-01,2017-12-29
475512EX3,20000.00,100.281,2.043,2018-03-01,2017-12-29
74526QKW1,10000.00,29.100,,2032-07-01,2017-12-29
118688CD0,35000.00,101.994,2.768,2031-12-01,2017-12-29
118688CD0,35000.00,99.750,3.022,2031-12-01,2017-12-29
592657AW0,50000.00,111.296,2.343,2037-07-01,2017-12-29
01757LGA8,20000.00,99.335,3.300,2035-08-01,2018-01-02
436083EU9,115000.00,99.325,3.059,2032-02-01,2017-12-29
781569EG9,15000.00,98.703,3.153,2027-11-15,2017-12-29
898242GE6,60000.00,102.549,1.866,2019-10-01,2017-12-29
208418D83,10000.00,119.840,1.999,2025-02-15,2017-12-29
666045AK5,50000.00,118.133,1.979,2024-06-01,2017-12-29
592657AW0,50000.00,111.171,2.371,2037-07-01,2017-12-29
666045AK5,50000.00,118.133,1.979,2024-06-01,2017-12-29
592657AW0,50000.00,111.171,2.371,2037-07-01,2017-12-29
011798LJ2,25000.00,104.730,1.685,2020-02-01,2017-12-29
058219TQ9,25000.00,108.308,2.900,2032-08-01,2017-12-29
481305EK2,1000000.00,117.273,1.976,2024-02-01,2017-12-28
74514LNC7,20000.00,17.807,,2018-07-01,2017-12-29
74529JHD0,10000.00,8.670,,2021-08-01,2017-12-29
941111FR2,150000.00,104.330,2.230,2026-01-15,2017-12-29
745190UP1,10000.00,89.440,6.250,2035-07-01,2017-12-29
769125FW0,75000.00,122.578,2.318,2030-06-01,2017-12-29
118688CD0,35000.00,99.750,3.022,2031-12-01,2017-12-29
118688CD0,35000.00,99.750,3.022,2031-12-01,2017-12-29
66285WFX9,20000.00,111.648,1.988,2038-01-01,2017-12-29
74514LLZ8,10000.00,17.327,,2022-07-01,2017-12-29
207758PM9,105000.00,107.018,2.161,2022-01-01,2017-12-29
93978HSR7,610000.00,113.215,3.380,2037-08-15,2017-12-29
550408EF1,130000.00,101.999,-26.465,2020-03-15,2018-01-03
978879KF0,55000.00,100.830,3.150,2036-10-01,2018-01-04
091458BM0,25000.00,100.450,-1.170,2021-12-01,2017-12-29
254764HB2,20000.00,102.080,1.400,2045-07-15,2017-12-29
528828P26,100000.00,103.839,1.600,2027-08-15,2017-12-29
74526QLK6,20000.00,98.737,6.580,2018-07-01,2017-12-29
74526QLK6,20000.00,98.982,6.076,2018-07-01,2017-12-29
690690NW8,300000.00,105.291,2.482,2036-09-01,2017-12-29
2174895J8,25000.00,104.762,2.010,2020-08-15,2017-12-29
840058UM1,25000.00,99.814,3.261,2041-09-01,2017-12-29
00037NLS3,100000.00,100.000,,2033-05-15,2017-12-27
74529JHE8,10000.00,8.600,,2022-08-01,2017-12-29
74529JHE8,10000.00,8.500,,2022-08-01,2017-12-29
91523NLJ3,30000.00,98.892,3.314,2043-07-01,2017-12-29
840058UM1,25000.00,100.064,3.240,2041-09-01,2017-12-29
436083EU9,115000.00,99.950,3.004,2032-02-01,2017-12-29
668844MD2,50000.00,95.202,2.570,2027-07-15,2017-12-29
689461RN3,500000.00,107.297,1.973,2027-10-01,2017-12-29
351640RR0,5000.00,102.433,2.667,2029-06-15,2017-12-29
843375QG4,65000.00,96.560,1.753,2020-01-01,2017-12-29
20772JP22,250000.00,113.830,3.014,2031-11-15,2017-12-29
657815AV8,10000.00,102.644,2.197,2038-10-01,2017-12-29
13063DCY2,5000.00,100.561,1.948,2038-03-01,2017-12-29
13063DCY2,5000.00,100.561,1.948,2038-03-01,2017-12-29
519442FU6,45000.00,100.578,3.177,2033-03-01,2017-12-29
684209MY2,16000000.00,100.000,,2031-08-15,2018-01-04
33982RAK9,25000.00,99.441,2.700,2026-05-01,2017-12-29
33982RAK9,25000.00,99.441,2.700,2026-05-01,2017-12-29
35569PCH4,100000.00,117.347,1.730,2023-08-01,2017-12-29
35569PCH4,100000.00,119.107,1.430,2023-08-01,2017-12-29
0873474U1,25000.00,112.847,2.120,2025-12-01,2017-12-29
587686MQ6,50000.00,103.845,1.652,2020-02-15,2017-12-29
587686MQ6,50000.00,103.595,1.770,2020-02-15,2017-12-29
047870EX4,15000.00,127.277,1.976,2025-11-01,2017-12-29
646139Z40,45000.00,112.063,1.860,2022-01-01,2017-12-29
646139Z40,45000.00,112.163,1.836,2022-01-01,2017-12-29
74514LTM9,25000.00,16.957,,2018-07-01,2017-12-29
047870EX4,15000.00,127.177,1.988,2025-11-01,2017-12-29
74514LTM9,25000.00,16.999,,2018-07-01,2017-12-29
544525VR6,20000.00,116.701,1.800,2023-07-01,2017-12-29
33982RAK9,25000.00,99.441,2.700,2026-05-01,2017-12-29
544525VR6,20000.00,118.393,1.506,2023-07-01,2017-12-29
91754RPR2,15000.00,123.526,3.703,2029-04-01,2017-12-29
79152QBZ4,50000.00,97.650,3.143,2041-04-01,2017-12-29
899525RD3,25000.00,100.060,1.447,2019-03-01,2017-12-29
74526QLK6,20000.00,99.082,5.868,2018-07-01,2017-12-29
794665FZ7,30000.00,116.500,1.972,2023-10-15,2017-12-29
64990E5J2,35000.00,109.210,1.949,2021-02-15,2017-12-29
208418D83,10000.00,119.000,2.114,2025-02-15,2017-12-29
56782UAR0,10000.00,116.489,1.837,2023-07-01,2017-12-29
56782UAR0,10000.00,116.239,1.881,2023-07-01,2017-12-29
64990ACR4,15000.00,117.527,1.986,2024-03-15,2017-12-29
646140AM5,15000.00,102.909,2.061,2036-01-01,2017-12-29
56782UAR0,10000.00,116.489,1.837,2023-07-01,2017-12-29
79152QBZ4,50000.00,95.152,3.300,2041-04-01,2017-12-29
57586NFN6,100000.00,104.375,3.596,2041-06-01,2017-12-29
145808AL5,20000.00,117.769,2.459,2025-12-01,2017-12-29
882278AC8,500000.00,113.183,2.400,2020-10-01,2017-12-29
74526QKW1,10000.00,29.350,,2032-07-01,2017-12-29
576051PT7,25000.00,105.150,1.700,2021-08-01,2017-12-29
550408EF1,20000.00,102.124,-28.318,2020-03-15,2018-01-03
799017SB5,1600000.00,109.745,2.730,2034-09-01,2017-12-29
777543XX2,25000.00,116.836,2.350,2024-12-01,2017-12-29
9146418F5,15000.00,96.778,3.243,2035-05-15,2017-12-29
